Ticket_ID,Ticket_Text
T01,The MATLAB crashes while opening. Can you check this?
T02,My roll no. is 1023-03-021.
T03,Wi-Fi has stopped syncing after restarting the system. The same problem occurs again.
T04,The e-mail is showing an error. This is urgent.
T05,The Matlab keeps disconnecting. I don't know what changed.
T06,Matlab is showing an error on my laptop. Please help.
T07,MATLAB is running slowly before the assignment deadline. It works on another computer.
T08,The laptop crashes while opening. This is urgent.
T09,I need Windows 11 by 5.30 p.m. today.
T10,The password is not working. Please resolve it.
T11,It's not the laptop; it's the server.
T12,Student portal was working yesterday when I use mobile hotspot. Please help.
T13,The LMS says 'Not Submitted'.
T14,The projector stopped responding. Please help.
